first_name,phone_number
Melisent,8031384312
Raffarty,5518928602
Mario,3237590091
Felice,5565704364
Sharla,5232722311
Gregoire,5437603739
Cece,9495635862
Hermia,8533547396
Rosa,8068161540
Carmella,6905117223
Misty,5528606189
Steffen,2892872072
Terry,5775951470
Deeanne,1769873729
Angeline,6595643060
Randolph,1774861980
Bobby,9959169863
Micheline,1987826209
Lovell,6847755292
Leonhard,9814135709
Roland,3842153543
Brear,4906293679
Freddy,1921797294
Mirabella,5476598590
Loralie,6605230908
Farand,5586716032
Sheila-kathryn,5144293997
Charlena,8621881815
Tomi,1889683607
Henka,9167370466
Olive,3683281457
Hyatt,3479468815
Aaron,8351363381
Aldon,1912990091
Rouvin,9629932228
Kimmy,1834007906
Anna,1496333018
Vinny,6502398718
Biddie,9588031284
Oliviero,4208782035
Giffer,6907029103
Noel,8655295075
Ruprecht,3064446279
Caterina,8536676285
Tarrance,9791640251
Dynah,2407410709
Elissa,7861817876
Murvyn,2455850035
Drusi,7495584201
Jill,8951831069
Rianon,3057548588
Annabal,3362472268
Gregg,9854141471
Egor,5083817059
Emmalynne,7637372511
Frederico,9022601797
Rachelle,7036618555
Helyn,8435911576
Parry,3027484395
Karleen,4405189651
Nola,2639415769
Delbert,7782208976
Vin,8633102061
Dexter,2612436698
Winfred,7309339720
Tobiah,6959345150
Rabbi,1513158727
Marilyn,1283579336
Rivalee,3019271750
Bernadene,8128048523
Lilyan,5775734636
Sergei,7378542082
Arline,5046455288
Brandi,3607963029
Gary,8359906653
Elyse,1564126066
Rozanna,7621107979
Bridie,7396977128
Karoly,3333583004
Jaimie,3597206105
Laughton,5653452498
Barde,7825236243
Manda,7601108450
Anetta,3628401512
Alyda,1169465233
Darby,7004186651
Leshia,9935205283
Modesty,3041787388
Ernestus,8937397807
Lothario,2813919530
Jaquenetta,5357605363
Rudiger,6719261519
Lorrie,8405625845
Ancell,3715214442
Saleem,6662602220
Tomasine,9799478294
Cameron,9308304670
Scarface,7789038320
Stearne,2357871510
Benedetto,6937934054
Gardiner,6491222132
Clarence,7789862022
Wini,2143422734
Valene,8958505281
Lil,1825212331
Henryetta,9795062119
Kore,1039309714
Ahmed,4557966630
Jodee,8641696828
Valli,6938616397
Amil,3409984789
Raynard,8023227822
Sydel,9588141126
Gusti,8992815746
Raviv,2663205082
Jarvis,6492221555
Erin,5382049292
Inesita,9456030681
Penelope,9119915730
Yanaton,2434058444
Natala,7976209740
Gale,6803899862
Tanya,9562129593
Carmela,2334843038
Hanson,7424041586
Clotilda,7887381645
Tildy,9456574096
Alberto,6684391096
Caralie,1647336020
Vasily,2261464746
Gerty,3077513348
Lorrie,6508771535
Junette,7957726183
Haley,8335031645
Collin,3001428548
Marietta,7247311851
Annelise,8991581022
Murray,1398272125
Milena,6393307361
Callida,6179583706
Tilly,6916045263
Dorthea,5826304866
Cullan,3312547126
Tudor,7169307791
Florian,2976232617
Juieta,4856284079
Arlyne,2257735502
Hymie,6421797056
Bentlee,2202913292
Serena,9119663692
Arabele,2959006646
Husein,2013161718
Ardra,3175340841
Berkly,8213223276
Carlen,8216007729
Augustine,7735070801
Aurie,3892763707
Jules,2189131378
Eleonore,1469678716
Garret,6076268072
Georgeanna,9475322154
Margalo,6638631679
Lonee,2555045657
Aurie,4737637392
Adriena,1458474184
Renelle,8492179547
Paulo,5732490994
Angus,1219911875
Gale,9965884742
Rayshell,3735759025
Faun,2753308155
Suzanne,8136612805
Gus,1745441099
Joey,1155945012
Dickie,6475587054
Bellina,6929878561
Lynnet,4295162082
Aldrich,1146101833
Dion,1575549925
Holt,6325735525
Xavier,6754559416
Kerrill,3813677217
Beale,9589707191
Karisa,9143687144
Christina,3326817909
Esmaria,9153374331
Nappy,4189897069
Mari,3044622276
Darrelle,5312985003
Sela,3994522181
Tybi,4596287785
Ignacius,3825223322
Abie,6303989842
Selby,7521311577
Skipp,2121324662
Ruthi,6371784226
Ezri,2252299483
Berton,8871492774
Bendite,2942089358
Thadeus,1118016274
Elwin,6648678432
Bert,3396986843
Gaelan,6103768512
Brewster,7901996760
Dewie,7278200073
Lurette,6002671660
Delora,2192159682
Dene,9575782437
Shir,3256751405
Minny,5969477664
Terencio,8035361563
Karmen,6086158619
Nikolai,2324834366
Allx,1752160180
Parke,7951647980
Merilee,6634096037
Emmerich,5918412485
Luella,4906993700
Kinsley,4261763638
Goldia,9793160873
Fredi,5761908524
Guy,2975206215
Bride,2951952576
Margarethe,6657368298
North,5347586584
Aindrea,7266135898
Adamo,1876893087
Giorgia,4588777898
Warner,1189751221
Zebulen,7284078023
Emmy,1117415583
Boyce,7416960555
Clovis,5711512323
Barn,8125807441
Alexi,2176839956
Nadiya,2238963524
Grenville,8642687179
Lazar,9344285467
Chas,4317639618
Aland,7712585494
Freddy,6831327451
Riordan,3714088758
Aldridge,5041597839
Melloney,3621521386
Lavina,6803825428
Jeane,1968742418
Simonne,4979132706
Anthe,9564294900
Bethena,7177593309
Teddy,5296749321
Danita,2401055315
Letti,4428666807
Inez,1105934061
Robinet,1675149776
Winne,8962687727
Minerva,9408690480
Carola,9229482479
Beret,2368475111
Kalina,5068832978
Smitty,9228753784
Dmitri,9162052043
Rourke,7235660397
Leanora,9711547293
Dino,1732356619
Analise,5644849183
Viki,2203522382
Raynor,8137498528
Sheelagh,6316183552
Fanny,5966970862
Chadd,2332793972
Celka,5732233437
Shirline,3344016748
Georgina,6185139913
Dulcie,6014097607
Brad,4478805170
Aurelea,1595423462
Myrle,8446285350
Erhard,3352731875
Jaclin,7613535412
Leora,8365414048
Denise,8698947784
Cort,6209795469
Aileen,4148699234
Parrnell,9736511805
Waylen,2579414454
Francis,6028909071
Miles,2534438090
Milena,6048105756
Goldarina,8122339322
Bebe,1128118078
Jenn,6793904228
Ardene,5688165175
Flossie,1905160191
Gregor,1122617901
Janina,9159188350
Hagan,2751961848
Annamaria,1498736508
Nat,3196973094
Loria,1848231644
Korella,9188280772
Putnem,5329104961
Vicky,4291528480
Tootsie,3364202690
Dionis,2316243590
Rorke,9028777147
Stanly,4612784525
Loella,2329021944
Candy,2382516787
Kelbee,7441603848
Milicent,5742449218
Antonie,3484580139
Irena,5688624428
Harriott,2417269399
Keene,1818678985
Calv,1151545602
Yvette,7758200359
Kissie,9177608704
Donal,5263564834
Stanford,7398349821
Elinore,4214604122
Nettle,7186598726
Aurilia,8742623021
Ax,1971048272
Adriaens,2311051573
Corty,7555396180
Benn,9319414964
Clayborn,6182736696
Jilli,7306843780
Milena,3801452838
Raphaela,6986478504
Gertrudis,1315194268
Heriberto,7947564467
Benoite,9007119231
Mauricio,5727040961
Yorgos,6032281089
Vonny,4046192296
Lacey,6295594325
Augie,3036984543
Hobard,5622503551
Bryn,5932183404
Willabella,7563880950
Shelba,7122351502
Leola,6266826719
Titos,6061768409
Karlis,8546474221
Dennis,5812157255
Rahel,7798324658
Clevey,4476000192
Alexandrina,6545381407
Llewellyn,5441537897
Zsa zsa,9191069585
Gabe,6875361666
Daisey,6891139536
Aldridge,6024639473
Roobbie,9197625996
Patsy,5198198736
Ailbert,3269034342
Delora,4504166755
Flynn,2933324310
Marcella,6365652886
Crawford,6647616407
Alistair,8526727646
Cindee,4748261470
Madelyn,2696993976
Bill,3025640096
Saraann,7339979373
Delmore,7457490959
Nisse,9571254742
Meredith,6506991937
Leshia,8704864388
Jazmin,2501988891
Leontyne,4816401623
Niall,7533521622
Scarlett,4197627366
Floris,9181573910
Cherilynn,1367103279
Leonhard,8828160803
Carson,7892764986
Cad,1952881696
Jillayne,7867589514
Mortie,6357711321
Kayla,3692415301
Aggy,3634357311
Kristo,4762826542
Chancey,2722383763
Minnie,6619726679
Natka,1223539674
Pryce,3956434286
Roxie,9966154774
Laureen,3783319067
Elene,6051213857
Dukey,5424315640
Burr,4974201515
Shepperd,6178219281
Claire,3529960119
Clarabelle,6634421276
Joeann,2641413162
Inesita,5577383357
Denise,6078340015
Goldia,5536930998
Bowie,8826795879
Ettie,3411238838
Kaylil,1591598316
Jobie,5149468300
Debera,3363922989
Lynde,5368287474
Tarrah,4367163018
Cindie,8325868107
Georas,3909820029
Constancia,7837531272
Land,1694710496
Gregorius,5897605399
Fanechka,5793235538
Maddie,4894354873
Arther,5825951913
Ryun,9656177712
Bonny,2087432797
Hebert,1285454680
Delmar,9947592599
Kara,9127792758
Brennan,1366719587
Lee,9899791918
Yuma,8996199947
Becka,8283888784
Rochester,9394840830
Querida,1882266304
Henderson,3646323107
Esme,5531873561
Trudi,8375881316
Bondon,2649770699
Tomi,3694524097
Glynis,9819002672
Gibb,1927715564
Lance,9993038875
Shoshana,5184041671
Waldo,6773228399
Friedrick,9981858568
Jordan,8528749333
Florina,8251928612
Hobey,6154359451
Ulises,7663787598
Ivonne,5026355473
Ellette,2401894517
See,7885066804
Pierette,7203885178
Hilde,5536438890
Lawton,7662404021
Jocko,6073064826
Benn,7484395181
Brittaney,2975378458
Keri,5187439901
Ayn,5848007996
Virgina,2052427136
Juline,7119990501
Randie,8245541716
Devonna,1998574004
Latisha,3264411535
Nara,5173388544
Caldwell,2265766669
Bartholomeus,4244361795
Madella,4809528483
Arvy,9836904396
Aube,9992395873
Clerissa,1892667741
Leonhard,1871396170
Anny,4523634857
Katherina,4928994785
Chauncey,9531445718
Thornie,6006121560
Antoinette,9422090359
Alexio,8921467734
Berni,5283417929
Dael,7531330685
Edith,4056408405
Sadella,4693455068
Greg,7784326093
Kahlil,1288991281
Albina,8102137621
Isacco,8855809930
Florie,7703814558
Gram,5116449680
Bernelle,6697974290
Mignonne,9996275343
Chucho,3638234411
Cherilyn,3254944217
Andonis,1617714498
Tawsha,3174663306
Corey,4905434963
Galven,7428433654
Evania,5567930676
Bertine,8041762209
Joycelin,5026012451
Josee,1542163411
Bettine,8605243649
Sherm,9718733083
Roman,6988431790
Shawna,3631217962
Kaitlynn,6519406534
Valentine,1211267759
Valeda,8715841040
Maude,3984613160
Daveen,4149137161
Cameron,1667735413
Ulberto,3544750680
Leonora,7071921203
Jules,9654648690
Adelaida,3669810775
Myrwyn,9175129064
Cyndi,4499061828
Devin,1949445549
Carissa,1857796149
Derk,7771921874
Cecily,8841060451
Pebrook,5525592868
Torrie,7189193721
Aubine,9359680460
Rosaleen,5774028993
Whitby,1128347262
Kym,6473627815
Faustine,4281993121
Netty,8048289381
Olvan,2106446526
Emmit,1193874373
Jeffry,4128166058
Melicent,2374950584
Ara,6566773587
Edyth,1721379346
Olia,9773573644
Michele,5022895013
Bjorn,4238327502
Briant,4568940694
Riobard,5716263472
Vin,7667251405
Herold,1039936486
Decca,2315069261
Mirelle,9743311252
Heath,1186298235
Jarib,4461735108
Grace,9041011519
Eran,8732370362
Isahella,9938026448
Elka,3618516340
Luce,1979393620
Barrie,8675628280
Raleigh,1933393681
Janina,5061562222
Janaya,4186580311
Duke,2435496721
Pascal,9421502193
Helen,3524416254
Charis,2438992757
Robert,3757192105
Emelia,3089734546
Davidson,7654818831
Carmelia,3325062188
Tessy,7113767894
Hort,7347970547
Erie,7208769314
Freemon,8695206686
Sherm,1506787712
Lyndsie,5222064210
Frank,3915442198
Godart,8632694862
Nikolaus,5075784656
Noelle,9084370212
Elijah,4124991753
Brigid,7047763894
Ax,9316283990
Linnell,8948129471
Ki,9664713059
Cointon,6548856132
Morry,9595819824
Zita,3329999481
Keelby,1988375924
Deloris,3038290800
Tammy,8845297728
Shelbi,4568188767
Aleece,4492109567
Clevie,1808648908
Eolande,7878761664
Fidole,4387743421
Glennie,7936353480
Jaquenetta,5708380182
Barbaraanne,7609029096
Myrtice,2398863289
Gertrude,3934319043
Prentice,7513853796
Stella,5453156911
Korrie,4467157927
Al,6848661922
Arri,1909022166
Laurene,8997968976
Evin,7963562112
Monro,6256607580
Cullan,7939464249
Ase,7946144335
Carlin,9435734939
Sal,3519672287
Gare,2358024027
Roana,3367458456
Teresa,1653256274
Toby,6022706000
Maryjane,5711559275
Currey,5633874974
Dillie,4142613771
Xavier,4091180648
Torey,4305132734
Bard,2605600004
Nester,7114419791
Lonny,9729953121
Linn,4693357336
Andree,7953257968
Waylan,2542391377
Caldwell,1436247432
Hoebart,7081130386
Kayne,7019098029
Carmine,2665346812
Vivyanne,8149142107
Hilde,2421016973
Hilliary,6204661114
Ramonda,6795125859
Barnard,9514356988
Jess,6713138337
Tamara,8656296399
Arluene,2521326512
Katrina,6942074170
Kimberlee,3729558440
Malorie,2947423993
Carita,7168514825
Gregory,3786035432
Wilmette,1462833549
Brig,9906901098
Pammi,7446978375
Nanni,6045758688
Cherilyn,2512323970
Annabel,1392330186
Care,1575777405
Allina,3349034671
Carolin,4191309261
Bibi,2641988411
Tobye,7591063264
Stormie,7898086975
Corabelle,6106009739
Sax,3876955962
Bronson,1801704203
Kimmie,3933620908
Casar,3216513878
Conchita,6102486617
Norry,8828306646
Jorey,3317823570
Slade,6288326289
Sharity,8037941722
Ase,8854891465
Fiorenze,3557501235
Mabel,8528973566
Kamilah,5302582002
Evangelin,1689031359
Della,6587298178
Llywellyn,9046069027
Diandra,9753805786
Johnny,5851107761
Eloise,9037371212
Lyndsie,3522359784
Franky,2746811991
Leupold,7542533339
Guenna,7718193631
Cassius,8863019067
Moria,9728838991
Tyne,9547797618
Sara,7654709495
Mattie,9047701861
Karlee,7308172546
Moselle,6861322026
Therese,1884939924
Lesley,8034936840
Dianna,3938382364
Carma,9554426363
Brendan,5718403905
Bamby,4866280868
Rosemonde,6453916440
Dianna,7265215313
Teri,6363164563
Ashia,3191842504
Laurence,6308147431
Franz,6503502389
Ronni,2933823379
Malena,3238842678
Ramonda,4251563661
Conway,1746157725
Hanni,8372729129
Allayne,2714087807
Gilli,1925352615
Miranda,8215157617
Kathleen,5959249043
Willard,9114950581
Biddie,2098745913
Glynis,3976567216
Meara,4724331226
Marielle,5159251289
Wanids,3568900358
Carlene,5228424458
Tyson,8158324921
Jenifer,5157562504
Didi,5523418361
Janeen,4754778546
Meridith,6626182520
Barn,6555092564
Wyndham,5983765602
Thomasa,2238175077
Hattie,9936255148
Christabel,2223170591
Ellswerth,3393107504
Tom,6191310718
Maxine,3188377561
Laurette,2709899710
Benedikt,3938685057
Beniamino,5767847958
Gay,8563779776
Stanislas,1939047439
Gina,8339078264
Stevie,8617218863
Kori,3504486733
Rheba,9683732914
Jefferey,2832215456
Sarina,1983559151
Ali,3814780473
Jill,6243285786
Letta,6406201863
Sumner,8193328043
Muhammad,5147189255
Uriel,3613581330
Lacee,2736996289
Louella,2647203564
Wendel,3069445472
Leta,1975164640
Rudie,4654980118
Thadeus,6085854633
Ernesto,2334695340
Herold,1948561775
Allison,4124927330
Neil,1393236006
Flory,1449397933
Stavro,2882615781
Natty,3455011770
Marsh,2509780342
Herve,4752809681
Annette,2028319491
Stu,8343177109
Elbertine,6801001955
Benjamin,3995136697
Bren,9108344373
Stillman,1907007285
Caddric,2356547537
Maude,7678889817
Noble,5511059326
Westleigh,4787103209
Gaby,3185947289
Maribel,2595403097
Dian,7143936761
Alexis,8682674177
Nissa,3471903890
Kearney,4984283904
Stesha,6275292870
Annie,9752001612
Thaxter,4508648159
Sandro,7346042469
Sallyanne,3392387361
April,7569478821
Devon,9544973868
Cinnamon,5731383860
Tova,8448936616
Maura,1982581337
Marlyn,3566784510
Letizia,7542427664
Immanuel,7422036093
Reynard,6062752416
Tamas,4794003251
Delmore,2957629338
Halli,8794221255
Lorena,7405060790
Joyce,2159881097
Caril,1129423335
Melanie,1009196423
Jacklyn,9191902244
Millard,5922662370
Cora,4312138034
Kaylil,3573988475
Erin,5269206685
Edvard,6465471627
Peder,8524968194
Winifred,2591451025
Helsa,6088207127
Tobin,9376125254
Marylynne,2893657171
Devora,8851451538
Raff,8699427245
Ian,9952967677
Armando,9669248132
Chaddie,5577152965
Kirsteni,4717121237
Rebecka,1235306827
Mavra,6344408660
Tomas,8117517339
Darryl,4307583767
Maury,2585231024
Ethelred,7842213365
Gael,3145538245
Calley,4467291620
Far,3644787536
Lola,2351829490
Erina,1682588903
Karoly,5376965635
Ivor,9505119903
Bella,7306696668
Sloan,5177564914
Bernetta,1385171597
Bernarr,2468837369
Maegan,8755017633
Irene,9012961389
Inigo,2344165532
Rupert,4374235325
Nichole,4663296208
Evaleen,2569536577
Jordon,8562048324
Antoine,6011099923
Juliane,2944517575
Liv,5208354498
Claudina,1786831832
Dorie,3946359159
Shanan,5301415043
Irv,1518699620
Yuri,4307248147
Ryon,1861681789
Eziechiele,2026204098
Ody,1493542267
Cassius,4683769945
Scottie,5138340737
Melany,3085898139
Hersh,1001956707
Eden,2432994695
Carrie,7692173329
Virginie,5456469844
Jabez,3604440517
Nessy,4413996197
Beitris,4244652047
Vanni,9807275375
Michal,6171610028
Carlen,8762761405
Gabriell,8529083977
Larina,8089196761
Bridgette,8153603564
Malcolm,7061087228
Lovell,3189777513
Vassili,2992079370
Dotti,9346651095
Chalmers,2779159640
Patrica,7974768779
Trent,1894247414
Neall,4935295896
Zsa zsa,7152761244
Jo,7069417144
Curran,6044252879
Danny,4547909049
Kelcy,6227975657
Paulette,1099821851
Olivero,5594562726
Emmie,6452757360
Clark,9107466814
Gerick,4892360700
Gustav,2205120839
Christophe,1001708008
Dex,8727275115
Josepha,5863027664
Wallace,6846078103
Isabelle,8364846535
Zed,4159014983
Roberta,4028412276
Fredric,6934107263
Ignacio,1738809062
Raleigh,4285869090
Allie,2318355666
Rainer,7402366502
Justis,9165018672
Isidoro,3573684387
Wallie,4833317472
Glenden,6956080550
Chen,1625352239
Bea,6789051063
Lance,9957686907
Wilt,5065868848
Jaynell,3793131651
Vina,9364544327
Sonni,4225596591
Tiebout,8723489640
Luce,9872789906
Archambault,5451989092
Kylila,2843664913
Bee,4655714063
Mill,2483117065
Tiffi,5308246927
Bettina,6409060248
Tommi,6022320932
Rubie,7658452132
Timmi,2085326616
Martie,1256426532
Teirtza,8891414001
Robinette,7575329963
Mathian,4553267933
Deny,5645229127
Lin,6039873209
Katy,2817421620
Darnell,7322935884
Kikelia,5908820368
Margeaux,4535321488
Alexio,3524014677
Fidel,7332011964
Carmencita,1676982683
Quincey,3649191251
Kamila,7597106338
Elga,5587687191
Daria,4891627906
Donelle,9813968765
Jordan,2684178989
Ruprecht,5089074700
Hillie,5057002289
Ruperta,8705133521
Ewell,8037405514
Karrah,9048607586
Enoch,9217742159
Northrup,5083156791
Colas,7339875498
Cecile,3214739519
Nollie,5218022664
Cullen,6882656794
Jermayne,7182258303
Adam,2178306180
Fran,5677012529
Ros,6422134424
Jamil,6024364828
Lannie,3066149271
Issi,7042360321
Vera,7176989839
Kerstin,2602752574
Lorettalorna,4711832306
Vasily,3083320649
Cosme,3476229158
Ferdinande,7191228173
Tawsha,8866440895
Corey,2677177501
Carline,9789045875
Elsey,4379730317
Penny,4333768779
Vin,5886181274
Tybi,8487325744
Carine,9757663227
Kiri,8801872584
Lionello,5657322135
Leesa,2381466338
Sheffy,1635499939
Roger,3361836767
Moishe,2635893809
Phylys,4562846761
Marthena,8482029709
Benedikt,2307917613
Byrom,5754490373
Larissa,3728059761
Tremayne,9199984909
Madel,2988119443
Ivett,5063482033
Hillary,7796359724
Pincus,8272070125
Asa,4261238886
Marcy,2157505962
Lyman,4983776188
Burtie,1563461484
Granville,9562126169
Myrle,2623018395
Giffer,9616100331
Anabal,5984942203
Ingrim,4015019704
Erny,3976860213
Winnie,1151270379
Saw,1596629162
Claudio,2969213749
Annie,3035648172
Vanni,5056878319
Lynnet,5885811663
Ethyl,1414940176
Myrah,7778217708
Cecilius,1906573586
Erda,6938559769
Shelagh,7519181172
Gerry,5142859908
Kerri,3379184671
Madeline,6482275412
Ward,6519547848
Christie,7657775341
Diandra,9603961187
Nat,5546015499
Nissa,3587432620
